fill	x	y	showSelectedlegendfill
#619CFF	-0.0940382929391806	0.590307085536299	Un-regularized
